feature_id,feature_direction,feature_decoder_before_ratio,feature_exclusivity,feature_mean_shift,rank,dataset_index,label,class_name,z_before,z_after,abs_shift,feature_sample_score,crossleak_score,crosscoder_score
240,after_exclusive_compensation,0.4575572907924652,0.08488541841506958,0.697090208530426,1,520,5,dog,0.12699267268180847,1.9155083894729614,1.7885156869888306,0.1518189013004303,2.3153347969055176,2.294900894165039
240,after_exclusive_compensation,0.4575572907924652,0.08488541841506958,0.697090208530426,2,921,9,truck,0.21200457215309143,1.8024755716323853,1.5904710292816162,0.1350077986717224,1.6989774703979492,1.5417712926864624
240,after_exclusive_compensation,0.4575572907924652,0.08488541841506958,0.697090208530426,3,349,9,truck,0.1995820701122284,1.7644035816192627,1.564821481704712,0.13283053040504456,2.8088998794555664,2.5918874740600586
240,after_exclusive_compensation,0.4575572907924652,0.08488541841506958,0.697090208530426,4,275,5,dog,0.01444031298160553,1.564947485923767,1.5505071878433228,0.13161544501781464,1.5282056331634521,1.477271556854248
240,after_exclusive_compensation,0.4575572907924652,0.08488541841506958,0.697090208530426,5,59,6,frog,0.672929048538208,2.200838088989258,1.5279090404510498,0.12969720363616943,2.8762190341949463,2.89422345161438
240,after_exclusive_compensation,0.4575572907924652,0.08488541841506958,0.697090208530426,6,651,9,truck,0.13429614901542664,1.57587730884552,1.441581130027771,0.12236921489238739,0.92948317527771,0.8425851464271545
240,after_exclusive_compensation,0.4575572907924652,0.08488541841506958,0.697090208530426,7,388,2,bird,0.0,1.4414113759994507,1.4414113759994507,0.12235480546951294,0.8389928340911865,0.8438608050346375
240,after_exclusive_compensation,0.4575572907924652,0.08488541841506958,0.697090208530426,8,689,0,airplane,0.3594944477081299,1.7991011142730713,1.4396066665649414,0.12220161408185959,2.344372272491455,2.2907497882843018
240,after_exclusive_compensation,0.4575572907924652,0.08488541841506958,0.697090208530426,9,252,9,truck,0.0,1.4374929666519165,1.4374929666519165,0.12202218919992447,1.7396684885025024,1.6670503616333008
240,after_exclusive_compensation,0.4575572907924652,0.08488541841506958,0.697090208530426,10,727,3,cat,0.27956098318099976,1.7056306600570679,1.426069736480713,0.12105252593755722,1.6640183925628662,1.678566813468933
240,after_exclusive_compensation,0.4575572907924652,0.08488541841506958,0.697090208530426,11,281,0,airplane,0.5597676634788513,1.9815621376037598,1.4217944145202637,0.12068961560726166,1.465870976448059,1.4181054830551147
240,after_exclusive_compensation,0.4575572907924652,0.08488541841506958,0.697090208530426,12,780,9,truck,0.6295051574707031,2.0470616817474365,1.4175565242767334,0.12032987922430038,0.9218464493751526,0.7780935168266296
240,after_exclusive_compensation,0.4575572907924652,0.08488541841506958,0.697090208530426,13,412,3,cat,0.5363045930862427,1.9486037492752075,1.4122991561889648,0.11988360434770584,1.301259160041809,1.3183727264404297
240,after_exclusive_compensation,0.4575572907924652,0.08488541841506958,0.697090208530426,14,131,1,automobile,0.35017386078834534,1.7591208219528198,1.4089469909667969,0.11959905177354813,1.4895035028457642,1.2728981971740723
240,after_exclusive_compensation,0.4575572907924652,0.08488541841506958,0.697090208530426,15,415,9,truck,0.3220222294330597,1.719443917274475,1.3974217176437378,0.11862072348594666,0.5186359286308289,0.3873548209667206
240,after_exclusive_compensation,0.4575572907924652,0.08488541841506958,0.697090208530426,16,607,3,cat,0.0,1.395793080329895,1.395793080329895,0.11848247796297073,1.2009031772613525,1.1775671243667603
240,after_exclusive_compensation,0.4575572907924652,0.08488541841506958,0.697090208530426,17,746,6,frog,0.47080758213996887,1.8550877571105957,1.3842802047729492,0.11750520765781403,2.139847993850708,2.1797122955322266
240,after_exclusive_compensation,0.4575572907924652,0.08488541841506958,0.697090208530426,18,979,9,truck,0.056375652551651,1.4309237003326416,1.374548077583313,0.11667908728122711,1.2340962886810303,1.1361819505691528
240,after_exclusive_compensation,0.4575572907924652,0.08488541841506958,0.697090208530426,19,645,1,automobile,0.22313490509986877,1.595872163772583,1.3727372884750366,0.11652538180351257,1.9297678470611572,1.7693911790847778
240,after_exclusive_compensation,0.4575572907924652,0.08488541841506958,0.697090208530426,20,280,9,truck,0.0,1.3722000122070312,1.3722000122070312,0.1164797693490982,1.77186918258667,1.5261379480361938
23,after_exclusive_compensation,0.4510233998298645,0.097953200340271,0.369045615196228,1,59,6,frog,0.08952543139457703,1.0289767980575562,0.9394513368606567,0.09202226251363754,2.8762190341949463,2.89422345161438
23,after_exclusive_compensation,0.4510233998298645,0.097953200340271,0.369045615196228,2,681,6,frog,0.12439009547233582,1.054815649986267,0.9304255247116089,0.09113815426826477,1.9921681880950928,2.111391305923462
23,after_exclusive_compensation,0.4510233998298645,0.097953200340271,0.369045615196228,3,183,2,bird,0.8080761432647705,1.7314000129699707,0.9233238697052002,0.09044253081083298,1.5148857831954956,1.585327386856079
23,after_exclusive_compensation,0.4510233998298645,0.097953200340271,0.369045615196228,4,462,1,automobile,0.0,0.9185932874679565,0.9185932874679565,0.0899791494011879,2.3087821006774902,2.179076671600342
23,after_exclusive_compensation,0.4510233998298645,0.097953200340271,0.369045615196228,5,221,6,frog,0.3966044485569,1.3016828298568726,0.9050784111022949,0.08865533024072647,2.4171066284179688,2.4289417266845703
23,after_exclusive_compensation,0.4510233998298645,0.097953200340271,0.369045615196228,6,593,6,frog,0.046306222677230835,0.9397127628326416,0.8934065103530884,0.08751202374696732,0.38431239128112793,0.451680451631546
23,after_exclusive_compensation,0.4510233998298645,0.097953200340271,0.369045615196228,7,488,5,dog,0.7476085424423218,1.6405901908874512,0.8929816484451294,0.0874704122543335,0.6101341247558594,0.6116557121276855
23,after_exclusive_compensation,0.4510233998298645,0.097953200340271,0.369045615196228,8,997,1,automobile,0.1785648763179779,1.0635038614273071,0.8849389553070068,0.08668260276317596,1.6401126384735107,1.473244547843933
23,after_exclusive_compensation,0.4510233998298645,0.097953200340271,0.369045615196228,9,648,4,deer,0.2853918969631195,1.1632639169692993,0.8778719902038574,0.08599036931991577,0.14606571197509766,0.17215636372566223
23,after_exclusive_compensation,0.4510233998298645,0.097953200340271,0.369045615196228,10,53,3,cat,0.14828690886497498,1.0207130908966064,0.8724261522293091,0.08545693010091782,0.9625565409660339,1.0221894979476929
23,after_exclusive_compensation,0.4510233998298645,0.097953200340271,0.369045615196228,11,256,3,cat,0.731773853302002,1.6035188436508179,0.8717449903488159,0.08539021015167236,2.3141002655029297,2.396836280822754
23,after_exclusive_compensation,0.4510233998298645,0.097953200340271,0.369045615196228,12,582,8,ship,0.3840872049331665,1.2549699544906616,0.8708827495574951,0.08530575037002563,0.6222516894340515,0.45227158069610596
23,after_exclusive_compensation,0.4510233998298645,0.097953200340271,0.369045615196228,13,576,8,ship,0.8236931562423706,1.6944557428359985,0.8707625865936279,0.0852939784526825,0.464364618062973,0.34294041991233826
23,after_exclusive_compensation,0.4510233998298645,0.097953200340271,0.369045615196228,14,106,3,cat,0.6493403911590576,1.5169613361358643,0.8676209449768066,0.08498624712228775,1.3113901615142822,1.3037031888961792
23,after_exclusive_compensation,0.4510233998298645,0.097953200340271,0.369045615196228,15,77,3,cat,1.5672277212142944,2.4301116466522217,0.8628839254379272,0.08452223986387253,1.1823736429214478,1.1778708696365356
23,after_exclusive_compensation,0.4510233998298645,0.097953200340271,0.369045615196228,16,637,3,cat,0.012639105319976807,0.8735039234161377,0.8608648180961609,0.08432446420192719,1.2006709575653076,1.0404924154281616
23,after_exclusive_compensation,0.4510233998298645,0.097953200340271,0.369045615196228,17,8,3,cat,1.0831012725830078,1.9409679174423218,0.857866644859314,0.08403078466653824,1.3552567958831787,1.4438737630844116
23,after_exclusive_compensation,0.4510233998298645,0.097953200340271,0.369045615196228,18,336,3,cat,2.4598381519317627,3.317357301712036,0.8575191497802734,0.0839967429637909,0.9789698719978333,1.0894618034362793
23,after_exclusive_compensation,0.4510233998298645,0.097953200340271,0.369045615196228,19,170,9,truck,0.0,0.8557074069976807,0.8557074069976807,0.08381927758455276,1.5027648210525513,1.2660143375396729
23,after_exclusive_compensation,0.4510233998298645,0.097953200340271,0.369045615196228,20,292,6,frog,0.17899423837661743,1.0315948724746704,0.852600634098053,0.08351495862007141,0.8097569346427917,0.8979942202568054
190,after_exclusive_compensation,0.4592429995536804,0.08151400089263916,0.423003226518631,1,290,1,automobile,0.8859110474586487,2.355706214904785,1.4697952270507812,0.11980888992547989,2.011340379714966,1.7705961465835571
190,after_exclusive_compensation,0.4592429995536804,0.08151400089263916,0.423003226518631,2,801,1,automobile,1.225877046585083,2.6042680740356445,1.3783910274505615,0.11235816776752472,2.661886215209961,2.37855863571167
190,after_exclusive_compensation,0.4592429995536804,0.08151400089263916,0.423003226518631,3,240,1,automobile,2.1479759216308594,3.4898476600646973,1.341871738433838,0.10938133299350739,0.9490140676498413,0.7607289552688599
190,after_exclusive_compensation,0.4592429995536804,0.08151400089263916,0.423003226518631,4,723,1,automobile,1.8364291191101074,3.1611437797546387,1.3247146606445312,0.10798279196023941,1.670752763748169,1.4763901233673096
190,after_exclusive_compensation,0.4592429995536804,0.08151400089263916,0.423003226518631,5,161,1,automobile,1.046771764755249,2.3638710975646973,1.3170993328094482,0.1073620393872261,1.5849090814590454,1.4050618410110474
190,after_exclusive_compensation,0.4592429995536804,0.08151400089263916,0.423003226518631,6,66,1,automobile,1.102414846420288,2.3994569778442383,1.2970421314239502,0.10572709143161774,2.4593722820281982,2.22784423828125
190,after_exclusive_compensation,0.4592429995536804,0.08151400089263916,0.423003226518631,7,968,1,automobile,1.4916253089904785,2.739659309387207,1.2480340003967285,0.10173224657773972,2.678250789642334,2.447561025619507
190,after_exclusive_compensation,0.4592429995536804,0.08151400089263916,0.423003226518631,8,947,1,automobile,0.7334911227226257,1.9788305759429932,1.2453393936157227,0.1015125960111618,1.2087581157684326,1.0463447570800781
190,after_exclusive_compensation,0.4592429995536804,0.08151400089263916,0.423003226518631,9,520,5,dog,0.18679103255271912,1.4284331798553467,1.2416421175003052,0.10121122002601624,2.3153347969055176,2.294900894165039
190,after_exclusive_compensation,0.4592429995536804,0.08151400089263916,0.423003226518631,10,987,1,automobile,1.6379084587097168,2.8688290119171143,1.2309205532073975,0.10033725947141647,1.8386391401290894,1.583451747894287
190,after_exclusive_compensation,0.4592429995536804,0.08151400089263916,0.423003226518631,11,945,3,cat,0.4354100227355957,1.659529209136963,1.2241191864013672,0.09978285431861877,2.005931854248047,1.8565213680267334
190,after_exclusive_compensation,0.4592429995536804,0.08151400089263916,0.423003226518631,12,308,1,automobile,0.7347273826599121,1.9588086605072021,1.22408127784729,0.09977976232767105,2.3115875720977783,2.093531608581543
190,after_exclusive_compensation,0.4592429995536804,0.08151400089263916,0.423003226518631,13,830,1,automobile,0.41103804111480713,1.6112818717956543,1.2002438306808472,0.09783667325973511,1.2868320941925049,1.11736261844635
190,after_exclusive_compensation,0.4592429995536804,0.08151400089263916,0.423003226518631,14,764,1,automobile,1.4083521366119385,2.6074821949005127,1.1991300582885742,0.09774588793516159,1.891562581062317,1.710273027420044
190,after_exclusive_compensation,0.4592429995536804,0.08151400089263916,0.423003226518631,15,9,1,automobile,0.022295311093330383,1.219895362854004,1.19760000705719,0.09762116521596909,1.0775370597839355,0.8570107221603394
190,after_exclusive_compensation,0.4592429995536804,0.08151400089263916,0.423003226518631,16,594,1,automobile,0.6462480425834656,1.8373019695281982,1.191053867340088,0.0970875695347786,1.9310364723205566,1.739270806312561
190,after_exclusive_compensation,0.4592429995536804,0.08151400089263916,0.423003226518631,17,668,1,automobile,1.3015530109405518,2.4856905937194824,1.1841375827789307,0.09652379155158997,1.2978631258010864,1.1425093412399292
190,after_exclusive_compensation,0.4592429995536804,0.08151400089263916,0.423003226518631,18,462,1,automobile,0.6119283437728882,1.7831451892852783,1.1712168455123901,0.09547057002782822,2.3087821006774902,2.179076671600342
190,after_exclusive_compensation,0.4592429995536804,0.08151400089263916,0.423003226518631,19,131,1,automobile,2.03715181350708,3.1796889305114746,1.1425371170043945,0.09313277155160904,1.4895035028457642,1.2728981971740723
190,after_exclusive_compensation,0.4592429995536804,0.08151400089263916,0.423003226518631,20,736,1,automobile,0.10699302703142166,1.2402098178863525,1.1332167387008667,0.09237302839756012,2.418919801712036,2.1642649173736572
36,before_exclusive_deleted,0.5371891856193542,0.0743783712387085,0.4332602024078369,1,801,1,automobile,1.6739428043365479,0.44741883873939514,1.226523995399475,0.09122685343027115,2.661886215209961,2.37855863571167
36,before_exclusive_deleted,0.5371891856193542,0.0743783712387085,0.4332602024078369,2,414,1,automobile,1.241331696510315,0.01976386457681656,1.2215678691864014,0.09085822850465775,1.26012122631073,1.039986491203308
36,before_exclusive_deleted,0.5371891856193542,0.0743783712387085,0.4332602024078369,3,285,9,truck,1.3523762226104736,0.14246582984924316,1.2099103927612305,0.08999116718769073,1.1506836414337158,0.935154914855957
36,before_exclusive_deleted,0.5371891856193542,0.0743783712387085,0.4332602024078369,4,290,1,automobile,1.4951251745224,0.3500257730484009,1.145099401473999,0.08517062664031982,2.011340379714966,1.7705961465835571
36,before_exclusive_deleted,0.5371891856193542,0.0743783712387085,0.4332602024078369,5,11,9,truck,1.1397838592529297,0.0,1.1397838592529297,0.08477526903152466,1.1132497787475586,0.9232965707778931
36,before_exclusive_deleted,0.5371891856193542,0.0743783712387085,0.4332602024078369,6,9,1,automobile,1.2390501499176025,0.10498995333909988,1.1340601444244385,0.08434954285621643,1.0775370597839355,0.8570107221603394
36,before_exclusive_deleted,0.5371891856193542,0.0743783712387085,0.4332602024078369,7,308,1,automobile,1.288267970085144,0.15467160940170288,1.133596420288086,0.08431505411863327,2.3115875720977783,2.093531608581543
36,before_exclusive_deleted,0.5371891856193542,0.0743783712387085,0.4332602024078369,8,69,7,horse,1.6787500381469727,0.5525947213172913,1.1261553764343262,0.08376160264015198,-0.332537978887558,-0.4776343107223511
36,before_exclusive_deleted,0.5371891856193542,0.0743783712387085,0.4332602024078369,9,621,7,horse,1.5404629707336426,0.4265599250793457,1.1139030456542969,0.08285029232501984,1.082415223121643,0.8204312324523926
36,before_exclusive_deleted,0.5371891856193542,0.0743783712387085,0.4332602024078369,10,945,3,cat,1.2072021961212158,0.0990934744477272,1.1081087589263916,0.08241932094097137,2.005931854248047,1.8565213680267334
36,before_exclusive_deleted,0.5371891856193542,0.0743783712387085,0.4332602024078369,11,523,7,horse,2.359929323196411,1.2618581056594849,1.0980712175369263,0.08167275041341782,-0.005854815244674683,-0.24078206717967987
36,before_exclusive_deleted,0.5371891856193542,0.0743783712387085,0.4332602024078369,12,809,7,horse,1.0980068445205688,0.0,1.0980068445205688,0.081667959690094,-1.1454830169677734,-1.3234301805496216
36,before_exclusive_deleted,0.5371891856193542,0.0743783712387085,0.4332602024078369,13,101,5,dog,1.3944755792617798,0.30209383368492126,1.0923817157745361,0.08124957233667374,1.1319482326507568,1.0875285863876343
36,before_exclusive_deleted,0.5371891856193542,0.0743783712387085,0.4332602024078369,14,838,9,truck,1.1521730422973633,0.06152597814798355,1.0906471014022827,0.0811205580830574,-0.5730206370353699,-0.6644538044929504
36,before_exclusive_deleted,0.5371891856193542,0.0743783712387085,0.4332602024078369,15,293,9,truck,1.0894924402236938,0.0,1.0894924402236938,0.08103467524051666,1.3840404748916626,1.2144652605056763
36,before_exclusive_deleted,0.5371891856193542,0.0743783712387085,0.4332602024078369,16,483,5,dog,1.4544036388397217,0.3665906488895416,1.0878130197525024,0.08090975880622864,0.9017826318740845,0.6979281902313232
36,before_exclusive_deleted,0.5371891856193542,0.0743783712387085,0.4332602024078369,17,970,9,truck,1.242311716079712,0.15585267543792725,1.0864590406417847,0.08080905675888062,1.4754629135131836,1.3508448600769043
36,before_exclusive_deleted,0.5371891856193542,0.0743783712387085,0.4332602024078369,18,583,4,deer,1.143723726272583,0.08036117255687714,1.0633625984191895,0.07909117639064789,0.42443615198135376,0.2858734130859375
36,before_exclusive_deleted,0.5371891856193542,0.0743783712387085,0.4332602024078369,19,521,7,horse,2.2039759159088135,1.1468758583068848,1.0571000576019287,0.0786253809928894,-1.2562116384506226,-1.3234282732009888
36,before_exclusive_deleted,0.5371891856193542,0.0743783712387085,0.4332602024078369,20,349,9,truck,1.0501734018325806,0.0,1.0501734018325806,0.07811018824577332,2.8088998794555664,2.5918874740600586
239,after_exclusive_compensation,0.45772770047187805,0.0845445990562439,0.3251621127128601,1,718,4,deer,0.0,0.881256639957428,0.881256639957428,0.07450548559427261,1.388757348060608,1.4075355529785156
239,after_exclusive_compensation,0.45772770047187805,0.0845445990562439,0.3251621127128601,2,651,9,truck,0.12354415655136108,0.9844236373901367,0.8608794808387756,0.07278271019458771,0.92948317527771,0.8425851464271545
239,after_exclusive_compensation,0.45772770047187805,0.0845445990562439,0.3251621127128601,3,972,2,bird,0.015140116214752197,0.8609387874603271,0.845798671245575,0.07150770723819733,0.3304135501384735,0.35525429248809814
239,after_exclusive_compensation,0.45772770047187805,0.0845445990562439,0.3251621127128601,4,264,0,airplane,0.17160555720329285,1.0122294425964355,0.8406238555908203,0.07107020914554596,0.9217861294746399,0.8302938938140869
239,after_exclusive_compensation,0.45772770047187805,0.0845445990562439,0.3251621127128601,5,130,4,deer,1.027961015701294,1.8571480512619019,0.8291870355606079,0.07010328769683838,0.9025460481643677,0.9858007431030273
239,after_exclusive_compensation,0.45772770047187805,0.0845445990562439,0.3251621127128601,6,476,6,frog,0.0755826085805893,0.893754243850708,0.8181716203689575,0.06917199492454529,1.1018421649932861,1.2028143405914307
239,after_exclusive_compensation,0.45772770047187805,0.0845445990562439,0.3251621127128601,7,804,4,deer,0.19891178607940674,1.0094850063323975,0.8105732202529907,0.06852959096431732,1.0179022550582886,0.9949017763137817
239,after_exclusive_compensation,0.45772770047187805,0.0845445990562439,0.3251621127128601,8,282,6,frog,0.20011554658412933,1.009214162826538,0.8090986013412476,0.068404920399189,1.8802894353866577,1.9492666721343994
239,after_exclusive_compensation,0.45772770047187805,0.0845445990562439,0.3251621127128601,9,281,0,airplane,1.0519641637802124,1.8571823835372925,0.8052182197570801,0.06807684898376465,1.465870976448059,1.4181054830551147
239,after_exclusive_compensation,0.45772770047187805,0.0845445990562439,0.3251621127128601,10,723,1,automobile,0.0,0.8003405332565308,0.8003405332565308,0.06766446679830551,1.670752763748169,1.4763901233673096
239,after_exclusive_compensation,0.45772770047187805,0.0845445990562439,0.3251621127128601,11,507,9,truck,0.13238057494163513,0.9292808175086975,0.7969002723693848,0.0673736110329628,0.972979724407196,0.8607949018478394
239,after_exclusive_compensation,0.45772770047187805,0.0845445990562439,0.3251621127128601,12,175,9,truck,0.0504726767539978,0.8327194452285767,0.7822467684745789,0.0661347359418869,1.2415587902069092,1.084060788154602
239,after_exclusive_compensation,0.45772770047187805,0.0845445990562439,0.3251621127128601,13,727,3,cat,0.4414381682872772,1.2124269008636475,0.7709887027740479,0.06518293172121048,1.6640183925628662,1.678566813468933
239,after_exclusive_compensation,0.45772770047187805,0.0845445990562439,0.3251621127128601,14,219,2,bird,1.3836740255355835,2.154632568359375,0.7709585428237915,0.06518038362264633,-0.7375785708427429,-0.65846848487854
239,after_exclusive_compensation,0.45772770047187805,0.0845445990562439,0.3251621127128601,15,762,6,frog,0.0,0.768546462059021,0.768546462059021,0.06497645378112793,1.517243504524231,1.424383282661438
239,after_exclusive_compensation,0.45772770047187805,0.0845445990562439,0.3251621127128601,16,441,4,deer,0.3520721197128296,1.1174639463424683,0.7653918266296387,0.06470974534749985,1.1422693729400635,1.1985257863998413
239,after_exclusive_compensation,0.45772770047187805,0.0845445990562439,0.3251621127128601,17,86,2,bird,0.09248378872871399,0.857189416885376,0.7647056579589844,0.0646517351269722,0.2854554057121277,0.1502944529056549
239,after_exclusive_compensation,0.45772770047187805,0.0845445990562439,0.3251621127128601,18,430,2,bird,0.9178624153137207,1.6772032976150513,0.7593408823013306,0.06419817358255386,2.317352533340454,2.2853662967681885
239,after_exclusive_compensation,0.45772770047187805,0.0845445990562439,0.3251621127128601,19,455,4,deer,0.7021285891532898,1.459588885307312,0.7574602961540222,0.06403917819261551,1.0358774662017822,1.092921495437622
239,after_exclusive_compensation,0.45772770047187805,0.0845445990562439,0.3251621127128601,20,837,2,bird,1.0049113035202026,1.7609038352966309,0.7559925317764282,0.06391508877277374,-0.6799858808517456,-0.6709914207458496
90,after_exclusive_compensation,0.4717257618904114,0.056548476219177246,0.42921996116638184,1,576,8,ship,1.4416348934173584,2.9420764446258545,1.500441551208496,0.08484768122434616,0.464364618062973,0.34294041991233826
90,after_exclusive_compensation,0.4717257618904114,0.056548476219177246,0.42921996116638184,2,723,1,automobile,0.14370471239089966,1.597899317741394,1.4541945457458496,0.08223248273134232,1.670752763748169,1.4763901233673096
90,after_exclusive_compensation,0.4717257618904114,0.056548476219177246,0.42921996116638184,3,918,8,ship,1.268409013748169,2.690873622894287,1.4224646091461182,0.08043820410966873,1.223942756652832,1.0741060972213745
90,after_exclusive_compensation,0.4717257618904114,0.056548476219177246,0.42921996116638184,4,997,1,automobile,0.12200585007667542,1.5013004541397095,1.3792946338653564,0.07799700647592545,1.6401126384735107,1.473244547843933
90,after_exclusive_compensation,0.4717257618904114,0.056548476219177246,0.42921996116638184,5,582,8,ship,0.6109583973884583,1.980432152748108,1.3694736957550049,0.07744164764881134,0.6222516894340515,0.45227158069610596
90,after_exclusive_compensation,0.4717257618904114,0.056548476219177246,0.42921996116638184,6,665,8,ship,0.5552347898483276,1.9197405576705933,1.3645057678222656,0.07716072350740433,0.32004350423812866,0.21332921087741852
90,after_exclusive_compensation,0.4717257618904114,0.056548476219177246,0.42921996116638184,7,1,8,ship,1.9788873195648193,3.340345621109009,1.3614583015441895,0.07698839157819748,1.3325586318969727,1.2182176113128662
90,after_exclusive_compensation,0.4717257618904114,0.056548476219177246,0.42921996116638184,8,656,1,automobile,0.5209092497825623,1.8699843883514404,1.3490750789642334,0.076288141310215,1.9774041175842285,1.7928024530410767
90,after_exclusive_compensation,0.4717257618904114,0.056548476219177246,0.42921996116638184,9,66,1,automobile,0.9803606271743774,2.3232476711273193,1.342887043952942,0.07593821734189987,2.4593722820281982,2.22784423828125
90,after_exclusive_compensation,0.4717257618904114,0.056548476219177246,0.42921996116638184,10,516,8,ship,1.6880031824111938,3.018623113632202,1.3306199312210083,0.07524453103542328,0.0941414088010788,0.04970856010913849
90,after_exclusive_compensation,0.4717257618904114,0.056548476219177246,0.42921996116638184,11,306,8,ship,0.5035483241081238,1.8335288763046265,1.3299806118011475,0.07520837336778641,0.7896091341972351,0.687445342540741
90,after_exclusive_compensation,0.4717257618904114,0.056548476219177246,0.42921996116638184,12,132,8,ship,0.9308182597160339,2.2599799633026123,1.3291616439819336,0.07516206800937653,0.6667654514312744,0.47923544049263
90,after_exclusive_compensation,0.4717257618904114,0.056548476219177246,0.42921996116638184,13,2,8,ship,1.140236258506775,2.4664227962493896,1.3261865377426147,0.07499382644891739,0.008211150765419006,-0.14963077008724213
90,after_exclusive_compensation,0.4717257618904114,0.056548476219177246,0.42921996116638184,14,546,1,automobile,0.6868065595626831,2.0118303298950195,1.3250237703323364,0.07492807507514954,0.9746635556221008,0.8534311652183533
90,after_exclusive_compensation,0.4717257618904114,0.056548476219177246,0.42921996116638184,15,358,8,ship,0.21851275861263275,1.5283681154251099,1.309855341911316,0.07407032698392868,1.6550685167312622,1.4591569900512695
90,after_exclusive_compensation,0.4717257618904114,0.056548476219177246,0.42921996116638184,16,847,0,airplane,1.5025604963302612,2.798252820968628,1.2956923246383667,0.07326942682266235,-0.09714578092098236,-0.26740527153015137
90,after_exclusive_compensation,0.4717257618904114,0.056548476219177246,0.42921996116638184,17,949,8,ship,0.6079570055007935,1.9025862216949463,1.2946292161941528,0.07320930808782578,-0.09540129452943802,-0.16111284494400024
90,after_exclusive_compensation,0.4717257618904114,0.056548476219177246,0.42921996116638184,18,281,0,airplane,1.3144794702529907,2.608410120010376,1.2939306497573853,0.07316980510950089,1.465870976448059,1.4181054830551147
90,after_exclusive_compensation,0.4717257618904114,0.056548476219177246,0.42921996116638184,19,242,8,ship,0.0,1.291832685470581,1.291832685470581,0.07305116951465607,1.1704977750778198,0.9642220139503479
90,after_exclusive_compensation,0.4717257618904114,0.056548476219177246,0.42921996116638184,20,90,0,airplane,1.537745475769043,2.8198606967926025,1.2821152210235596,0.07250165939331055,0.9012671709060669,0.7556160688400269
67,before_exclusive_deleted,0.5368948578834534,0.07378971576690674,0.27070507407188416,1,56,7,horse,1.5517182350158691,0.5601339936256409,0.9915842413902283,0.07316871732473373,-0.2695081830024719,-0.3770781457424164
67,before_exclusive_deleted,0.5368948578834534,0.07378971576690674,0.27070507407188416,2,801,1,automobile,1.6263777017593384,0.6564152240753174,0.969962477684021,0.07157325744628906,2.661886215209961,2.37855863571167
67,before_exclusive_deleted,0.5368948578834534,0.07378971576690674,0.27070507407188416,3,505,4,deer,1.3723771572113037,0.402536004781723,0.9698411226272583,0.07156430184841156,1.6419708728790283,1.646592617034912
67,before_exclusive_deleted,0.5368948578834534,0.07378971576690674,0.27070507407188416,4,355,7,horse,1.4352340698242188,0.4713817536830902,0.9638522863388062,0.07112238556146622,-0.27690547704696655,-0.2954922318458557
67,before_exclusive_deleted,0.5368948578834534,0.07378971576690674,0.27070507407188416,5,267,4,deer,2.147434711456299,1.2070398330688477,0.9403948783874512,0.06939147412776947,1.0203756093978882,0.9848051071166992
67,before_exclusive_deleted,0.5368948578834534,0.07378971576690674,0.27070507407188416,6,506,7,horse,1.5728358030319214,0.6446778774261475,0.9281579256057739,0.06848850846290588,-0.23671533167362213,-0.3102831244468689
67,before_exclusive_deleted,0.5368948578834534,0.07378971576690674,0.27070507407188416,7,720,4,deer,1.6114845275878906,0.6951329708099365,0.9163515567779541,0.06761731952428818,0.3702445328235626,0.3249051570892334
67,before_exclusive_deleted,0.5368948578834534,0.07378971576690674,0.27070507407188416,8,452,7,horse,2.010223388671875,1.1035869121551514,0.9066364765167236,0.06690044701099396,-0.3843390941619873,-0.3888966739177704
67,before_exclusive_deleted,0.5368948578834534,0.07378971576690674,0.27070507407188416,9,457,5,dog,1.0359209775924683,0.132874995470047,0.9030460119247437,0.06663551181554794,0.3141781985759735,0.3597375452518463
67,before_exclusive_deleted,0.5368948578834534,0.07378971576690674,0.27070507407188416,10,69,7,horse,1.9555227756500244,1.057627558708191,0.8978952169418335,0.06625543534755707,-0.332537978887558,-0.4776343107223511
67,before_exclusive_deleted,0.5368948578834534,0.07378971576690674,0.27070507407188416,11,421,5,dog,1.1080076694488525,0.21873486042022705,0.8892728090286255,0.06561918556690216,0.8286204934120178,0.8887028098106384
67,before_exclusive_deleted,0.5368948578834534,0.07378971576690674,0.27070507407188416,12,101,5,dog,1.0578643083572388,0.17839112877845764,0.8794732093811035,0.06489607691764832,1.1319482326507568,1.0875285863876343
67,before_exclusive_deleted,0.5368948578834534,0.07378971576690674,0.27070507407188416,13,427,4,deer,1.61421537399292,0.759453296661377,0.854762077331543,0.06307265162467957,0.900115430355072,0.8917638063430786
67,before_exclusive_deleted,0.5368948578834534,0.07378971576690674,0.27070507407188416,14,363,1,automobile,1.9628310203552246,1.127260684967041,0.8355703353881836,0.06165649741888046,0.29527923464775085,0.08690609037876129
67,before_exclusive_deleted,0.5368948578834534,0.07378971576690674,0.27070507407188416,15,165,4,deer,1.3606327772140503,0.5283606648445129,0.8322721123695374,0.061413124203681946,-0.36938029527664185,-0.401619017124176
67,before_exclusive_deleted,0.5368948578834534,0.07378971576690674,0.27070507407188416,16,714,4,deer,1.6164491176605225,0.7882494330406189,0.8281996846199036,0.06111261993646622,1.2123675346374512,1.2553938627243042
67,before_exclusive_deleted,0.5368948578834534,0.07378971576690674,0.27070507407188416,17,785,0,airplane,0.9093580842018127,0.08389151841402054,0.8254665732383728,0.060910943895578384,1.1210424900054932,1.0074963569641113
67,before_exclusive_deleted,0.5368948578834534,0.07378971576690674,0.27070507407188416,18,587,4,deer,1.1473854780197144,0.3228917717933655,0.8244937062263489,0.06083915755152702,2.022797107696533,1.9941221475601196
67,before_exclusive_deleted,0.5368948578834534,0.07378971576690674,0.27070507407188416,19,700,7,horse,1.3311269283294678,0.5097479224205017,0.8213790059089661,0.06060932204127312,-0.6483219265937805,-0.7491090297698975
67,before_exclusive_deleted,0.5368948578834534,0.07378971576690674,0.27070507407188416,20,793,4,deer,0.8217345476150513,0.003936693072319031,0.817797839641571,0.06034506857395172,0.9350743889808655,0.8697362542152405
219,after_exclusive_compensation,0.46184128522872925,0.0763174295425415,0.2528659999370575,1,28,9,truck,0.5581540465354919,1.415461540222168,0.857307493686676,0.0654275044798851,-0.5367463827133179,-0.7170580625534058
219,after_exclusive_compensation,0.46184128522872925,0.0763174295425415,0.2528659999370575,2,987,1,automobile,0.0,0.8397448062896729,0.8397448062896729,0.0640871673822403,1.8386391401290894,1.583451747894287
219,after_exclusive_compensation,0.46184128522872925,0.0763174295425415,0.2528659999370575,3,350,9,truck,0.19703872501850128,1.0309944152832031,0.833955705165863,0.06364535540342331,1.0482397079467773,0.8882582187652588
219,after_exclusive_compensation,0.46184128522872925,0.0763174295425415,0.2528659999370575,4,801,1,automobile,0.0,0.8076791763305664,0.8076791763305664,0.061639998108148575,2.661886215209961,2.37855863571167
219,after_exclusive_compensation,0.46184128522872925,0.0763174295425415,0.2528659999370575,5,170,9,truck,0.40630418062210083,1.2000274658203125,0.7937232851982117,0.06057492271065712,1.5027648210525513,1.2660143375396729
219,after_exclusive_compensation,0.46184128522872925,0.0763174295425415,0.2528659999370575,6,487,9,truck,0.2241934835910797,1.0050829648971558,0.7808895111083984,0.05959548056125641,-0.2765623927116394,-0.41964399814605713
219,after_exclusive_compensation,0.46184128522872925,0.0763174295425415,0.2528659999370575,7,9,1,automobile,0.22339320182800293,0.9977716207504272,0.7743784189224243,0.05909857153892517,1.0775370597839355,0.8570107221603394
219,after_exclusive_compensation,0.46184128522872925,0.0763174295425415,0.2528659999370575,8,11,9,truck,0.0,0.768543004989624,0.768543004989624,0.05865322798490524,1.1132497787475586,0.9232965707778931
219,after_exclusive_compensation,0.46184128522872925,0.0763174295425415,0.2528659999370575,9,762,6,frog,0.9291269779205322,1.6882383823394775,0.7591114044189453,0.05793343111872673,1.517243504524231,1.424383282661438
219,after_exclusive_compensation,0.46184128522872925,0.0763174295425415,0.2528659999370575,10,589,9,truck,0.22168400883674622,0.964085042476654,0.7424010038375854,0.05665813758969307,-0.858686625957489,-1.0096110105514526
219,after_exclusive_compensation,0.46184128522872925,0.0763174295425415,0.2528659999370575,11,131,1,automobile,0.5817083120346069,1.3216596841812134,0.7399513721466064,0.05647118762135506,1.4895035028457642,1.2728981971740723
219,after_exclusive_compensation,0.46184128522872925,0.0763174295425415,0.2528659999370575,12,285,9,truck,0.7122311592102051,1.4509079456329346,0.7386767864227295,0.05637391284108162,1.1506836414337158,0.935154914855957
219,after_exclusive_compensation,0.46184128522872925,0.0763174295425415,0.2528659999370575,13,968,1,automobile,0.3690400719642639,1.1003178358078003,0.7312777638435364,0.05580924078822136,2.678250789642334,2.447561025619507
219,after_exclusive_compensation,0.46184128522872925,0.0763174295425415,0.2528659999370575,14,252,9,truck,0.17944446206092834,0.8984173536300659,0.71897292137146,0.05487016588449478,1.7396684885025024,1.6670503616333008
219,after_exclusive_compensation,0.46184128522872925,0.0763174295425415,0.2528659999370575,15,38,9,truck,0.07508360594511032,0.7882494926452637,0.7131658792495728,0.05442698672413826,0.7668328881263733,0.6788735389709473
219,after_exclusive_compensation,0.46184128522872925,0.0763174295425415,0.2528659999370575,16,37,1,automobile,0.5012506246566772,1.2106270790100098,0.7093764543533325,0.05413778871297836,1.5069549083709717,1.3181663751602173
219,after_exclusive_compensation,0.46184128522872925,0.0763174295425415,0.2528659999370575,17,134,1,automobile,0.2771162688732147,0.9854889512062073,0.7083727121353149,0.05406118556857109,2.249412775039673,2.1188013553619385
219,after_exclusive_compensation,0.46184128522872925,0.0763174295425415,0.2528659999370575,18,426,3,cat,0.2939569652080536,1.000483751296997,0.7065267562866211,0.053920306265354156,-0.32231205701828003,-0.3126157224178314
219,after_exclusive_compensation,0.46184128522872925,0.0763174295425415,0.2528659999370575,19,193,1,automobile,0.623086154460907,1.3256335258483887,0.7025473713874817,0.053616609424352646,0.9564511775970459,0.7642990350723267
219,after_exclusive_compensation,0.46184128522872925,0.0763174295425415,0.2528659999370575,20,896,3,cat,0.7732738256454468,1.470571517944336,0.6972976922988892,0.05321596935391426,0.8589044213294983,0.8292199969291687
250,after_exclusive_compensation,0.4763122498989105,0.047375500202178955,0.37243548035621643,1,801,1,automobile,0.010736048221588135,1.158722162246704,1.1479861736297607,0.05438641831278801,2.661886215209961,2.37855863571167
250,after_exclusive_compensation,0.4763122498989105,0.047375500202178955,0.37243548035621643,2,582,8,ship,1.553929328918457,2.6951334476470947,1.1412041187286377,0.05406511574983597,0.6222516894340515,0.45227158069610596
250,after_exclusive_compensation,0.4763122498989105,0.047375500202178955,0.37243548035621643,3,66,1,automobile,1.1067326068878174,2.2360422611236572,1.1293096542358398,0.05350160971283913,2.4593722820281982,2.22784423828125
250,after_exclusive_compensation,0.4763122498989105,0.047375500202178955,0.37243548035621643,4,242,8,ship,0.7657270431518555,1.8176480531692505,1.051921010017395,0.04983528330922127,1.1704977750778198,0.9642220139503479
250,after_exclusive_compensation,0.4763122498989105,0.047375500202178955,0.37243548035621643,5,144,8,ship,0.5682092308998108,1.619234323501587,1.051025152206421,0.04979284107685089,-0.18755348026752472,-0.38483482599258423
250,after_exclusive_compensation,0.4763122498989105,0.047375500202178955,0.37243548035621643,6,894,1,automobile,0.11665076017379761,1.16355299949646,1.0469021797180176,0.04959751293063164,0.8362115621566772,0.6700939536094666
250,after_exclusive_compensation,0.4763122498989105,0.047375500202178955,0.37243548035621643,7,132,8,ship,0.27635008096694946,1.294942021369934,1.0185918807983398,0.04825630038976669,0.6667654514312744,0.47923544049263
250,after_exclusive_compensation,0.4763122498989105,0.047375500202178955,0.37243548035621643,8,290,1,automobile,0.1090206503868103,1.120221734046936,1.0112011432647705,0.04790616035461426,2.011340379714966,1.7705961465835571
250,after_exclusive_compensation,0.4763122498989105,0.047375500202178955,0.37243548035621643,9,483,5,dog,0.125438392162323,1.1089775562286377,0.9835391640663147,0.04659565910696983,0.9017826318740845,0.6979281902313232
250,after_exclusive_compensation,0.4763122498989105,0.047375500202178955,0.37243548035621643,10,723,1,automobile,0.4229898452758789,1.3919354677200317,0.9689456224441528,0.04590428248047829,1.670752763748169,1.4763901233673096
250,after_exclusive_compensation,0.4763122498989105,0.047375500202178955,0.37243548035621643,11,2,8,ship,0.8551385402679443,1.789055347442627,0.9339168071746826,0.04424477741122246,0.008211150765419006,-0.14963077008724213
250,after_exclusive_compensation,0.4763122498989105,0.047375500202178955,0.37243548035621643,12,918,8,ship,1.0222028493881226,1.9545568227767944,0.9323539733886719,0.04417073726654053,1.223942756652832,1.0741060972213745
250,after_exclusive_compensation,0.4763122498989105,0.047375500202178955,0.37243548035621643,13,148,5,dog,0.3933369517326355,1.319541096687317,0.9262041449546814,0.04387938603758812,0.8873525261878967,0.7601003646850586
250,after_exclusive_compensation,0.4763122498989105,0.047375500202178955,0.37243548035621643,14,358,8,ship,0.45919519662857056,1.3845802545547485,0.925385057926178,0.04384057968854904,1.6550685167312622,1.4591569900512695
250,after_exclusive_compensation,0.4763122498989105,0.047375500202178955,0.37243548035621643,15,240,1,automobile,0.3630630373954773,1.2865418195724487,0.9234787821769714,0.04375026747584343,0.9490140676498413,0.7607289552688599
250,after_exclusive_compensation,0.4763122498989105,0.047375500202178955,0.37243548035621643,16,947,1,automobile,0.06387947499752045,0.9850587844848633,0.9211792945861816,0.04364132881164551,1.2087581157684326,1.0463447570800781
250,after_exclusive_compensation,0.4763122498989105,0.047375500202178955,0.37243548035621643,17,191,8,ship,0.7271341681480408,1.6377917528152466,0.9106575846672058,0.043142858892679214,-0.3478405773639679,-0.42962953448295593
250,after_exclusive_compensation,0.4763122498989105,0.047375500202178955,0.37243548035621643,18,520,5,dog,0.11882655322551727,1.0182234048843384,0.8993968367576599,0.04260937497019768,2.3153347969055176,2.294900894165039
250,after_exclusive_compensation,0.4763122498989105,0.047375500202178955,0.37243548035621643,19,90,0,airplane,0.0033244043588638306,0.8972604274749756,0.893936038017273,0.04235066846013069,0.9012671709060669,0.7556160688400269
250,after_exclusive_compensation,0.4763122498989105,0.047375500202178955,0.37243548035621643,20,859,8,ship,0.5669795274734497,1.4601064920425415,0.8931269645690918,0.04231233522295952,-0.35623645782470703,-0.47668659687042236
70,after_exclusive_compensation,0.4719187617301941,0.056162476539611816,0.29538461565971375,1,847,0,airplane,1.0065417289733887,2.149047613143921,1.1425058841705322,0.06416595727205276,-0.09714578092098236,-0.26740527153015137
70,after_exclusive_compensation,0.4719187617301941,0.056162476539611816,0.29538461565971375,2,878,3,cat,0.31241679191589355,1.269785761833191,0.9573689699172974,0.05376821383833885,0.1280992031097412,0.18027333915233612
70,after_exclusive_compensation,0.4719187617301941,0.056162476539611816,0.29538461565971375,3,860,4,deer,0.26814237236976624,1.2119648456573486,0.9438225030899048,0.05300740897655487,-0.5126269459724426,-0.4197632968425751
70,after_exclusive_compensation,0.4719187617301941,0.056162476539611816,0.29538461565971375,4,682,4,deer,0.09052693098783493,0.9905632138252258,0.9000362753868103,0.05054826661944389,-0.9461336135864258,-1.0105375051498413
70,after_exclusive_compensation,0.4719187617301941,0.056162476539611816,0.29538461565971375,5,651,9,truck,0.1893673837184906,1.0822358131408691,0.8928683996200562,0.050145700573921204,0.92948317527771,0.8425851464271545
70,after_exclusive_compensation,0.4719187617301941,0.056162476539611816,0.29538461565971375,6,763,0,airplane,1.2928284406661987,2.1835551261901855,0.8907266855239868,0.050025418400764465,-0.2421720027923584,-0.3432752788066864
70,after_exclusive_compensation,0.4719187617301941,0.056162476539611816,0.29538461565971375,7,983,4,deer,0.7813650369644165,1.6671242713928223,0.8857592344284058,0.04974643141031265,0.2106124609708786,0.24479542672634125
70,after_exclusive_compensation,0.4719187617301941,0.056162476539611816,0.29538461565971375,8,648,4,deer,0.10450964421033859,0.9755735397338867,0.8710638880729675,0.04892110452055931,0.14606571197509766,0.17215636372566223
70,after_exclusive_compensation,0.4719187617301941,0.056162476539611816,0.29538461565971375,9,748,2,bird,0.7482628226280212,1.6182749271392822,0.870012104511261,0.0488620325922966,-1.620262861251831,-1.5093401670455933
70,after_exclusive_compensation,0.4719187617301941,0.056162476539611816,0.29538461565971375,10,655,2,bird,0.6215021014213562,1.491167426109314,0.8696653246879578,0.04884255677461624,-0.46837446093559265,-0.5377758145332336
70,after_exclusive_compensation,0.4719187617301941,0.056162476539611816,0.29538461565971375,11,555,4,deer,0.057672955095767975,0.9235801696777344,0.8659071922302246,0.048631493002176285,-1.321889042854309,-1.2297918796539307
70,after_exclusive_compensation,0.4719187617301941,0.056162476539611816,0.29538461565971375,12,631,5,dog,0.0,0.8625758290290833,0.8625758290290833,0.048444394022226334,-0.10147395730018616,-0.018834147602319717
70,after_exclusive_compensation,0.4719187617301941,0.056162476539611816,0.29538461565971375,13,27,0,airplane,1.565271258354187,2.4201300144195557,0.8548587560653687,0.04801098629832268,-0.370880663394928,-0.3618735074996948
70,after_exclusive_compensation,0.4719187617301941,0.056162476539611816,0.29538461565971375,14,34,9,truck,0.13005459308624268,0.9839325547218323,0.8538779616355896,0.04795590043067932,0.08807700127363205,-0.044363074004650116
70,after_exclusive_compensation,0.4719187617301941,0.056162476539611816,0.29538461565971375,15,10,0,airplane,1.6532598733901978,2.5027997493743896,0.8495398759841919,0.047712262719869614,-0.02831362560391426,0.0123768774792552
70,after_exclusive_compensation,0.4719187617301941,0.056162476539611816,0.29538461565971375,16,491,0,airplane,0.936846911907196,1.7845624685287476,0.8477155566215515,0.047609806060791016,-0.5930226445198059,-0.6639228463172913
70,after_exclusive_compensation,0.4719187617301941,0.056162476539611816,0.29538461565971375,17,837,2,bird,0.03364867717027664,0.8692187666893005,0.8355700969696045,0.04692768678069115,-0.6799858808517456,-0.6709914207458496
70,after_exclusive_compensation,0.4719187617301941,0.056162476539611816,0.29538461565971375,18,921,9,truck,0.0,0.835500180721283,0.835500180721283,0.04692376032471657,1.6989774703979492,1.5417712926864624
70,after_exclusive_compensation,0.4719187617301941,0.056162476539611816,0.29538461565971375,19,498,2,bird,1.4754477739334106,2.308987617492676,0.8335398435592651,0.046813663095235825,-0.4936620593070984,-0.403298556804657
70,after_exclusive_compensation,0.4719187617301941,0.056162476539611816,0.29538461565971375,20,175,9,truck,0.014449797570705414,0.8436577916145325,0.8292080163955688,0.04657037556171417,1.2415587902069092,1.084060788154602
